Algorithm,Cost,Time,Algorithm,Knapsack,Recursive Knapsack,Dynamic,Static
Algorithm,946,0.004523039,0.004523039,#N/A,#N/A,#N/A,#N/A
Knapsack,4758,0.002022028,#N/A,0.002022028,#N/A,#N/A,#N/A
Recursive Knapsack,4758,0.019057274,#N/A,#N/A,0.019057274,#N/A,#N/A
Dynamic,3553,0.00299716,#N/A,#N/A,#N/A,0.00299716,#N/A
Static,6107,0.001998186,#N/A,#N/A,#N/A,#N/A,0.001998186
Algorithm,1493,0.000511646,0.000511646,#N/A,#N/A,#N/A,#N/A
Knapsack,4880,0.00245738,#N/A,0.00245738,#N/A,#N/A,#N/A
Recursive Knapsack,4880,0.020343542,#N/A,#N/A,0.020343542,#N/A,#N/A
Static,4539,0.008017778,#N/A,#N/A,#N/A,#N/A,0.008017778
Algorithm,1540,0.001320124,0.001320124,#N/A,#N/A,#N/A,#N/A
Recursive Knapsack,5185,0.020567894,#N/A,#N/A,0.020567894,#N/A,#N/A
Static,5418,0.006516457,#N/A,#N/A,#N/A,#N/A,0.006516457
Knapsack,5052,0.004517317,#N/A,0.004517317,#N/A,#N/A,#N/A
Recursive Knapsack,5052,0.024600029,#N/A,#N/A,0.024600029,#N/A,#N/A
Static,4692,0.003008127,#N/A,#N/A,#N/A,#N/A,0.003008127
Algorithm,1107,0.001430988,0.001430988,#N/A,#N/A,#N/A,#N/A
Recursive Knapsack,4802,0.007015467,#N/A,#N/A,0.007015467,#N/A,#N/A
Dynamic,4088,0.004229307,#N/A,#N/A,#N/A,0.004229307,#N/A
Algorithm,1684,0.001977921,0.001977921,#N/A,#N/A,#N/A,#N/A
Knapsack,5063,0.000983238,#N/A,0.000983238,#N/A,#N/A,#N/A
Recursive Knapsack,5063,0.127573252,#N/A,#N/A,0.127573252,#N/A,#N/A
Dynamic,4523,0.002058744,#N/A,#N/A,#N/A,0.002058744,#N/A
Static,4628,0.000999928,#N/A,#N/A,#N/A,#N/A,0.000999928
Algorithm,1177,0.00169754,0.00169754,#N/A,#N/A,#N/A,#N/A
Recursive Knapsack,5161,0.014119387,#N/A,#N/A,0.014119387,#N/A,#N/A
Dynamic,4812,0.003051996,#N/A,#N/A,#N/A,0.003051996,#N/A
Static,6562,0.0026021,#N/A,#N/A,#N/A,#N/A,0.0026021
Algorithm,1960,0.002052307,0.002052307,#N/A,#N/A,#N/A,#N/A
Knapsack,5227,0.002275944,#N/A,0.002275944,#N/A,#N/A,#N/A
Recursive Knapsack,5227,0.037445307,#N/A,#N/A,0.037445307,#N/A,#N/A
Dynamic,4679,0.002085686,#N/A,#N/A,#N/A,0.002085686,#N/A
Static,5705,0.001314402,#N/A,#N/A,#N/A,#N/A,0.001314402
Algorithm,2074,0.002258062,0.002258062,#N/A,#N/A,#N/A,#N/A
Knapsack,5092,0.001482487,#N/A,0.001482487,#N/A,#N/A,#N/A
Recursive Knapsack,5092,0.004470825,#N/A,#N/A,0.004470825,#N/A,#N/A
Dynamic,5254,0.002709389,#N/A,#N/A,#N/A,0.002709389,#N/A
Static,6207,0.001328945,#N/A,#N/A,#N/A,#N/A,0.001328945
Algorithm,1503,0.00249052,0.00249052,#N/A,#N/A,#N/A,#N/A
Knapsack,4876,0.001153231,#N/A,0.001153231,#N/A,#N/A,#N/A
Recursive Knapsack,4876,0.018695831,#N/A,#N/A,0.018695831,#N/A,#N/A
Dynamic,4313,0.003014803,#N/A,#N/A,#N/A,0.003014803,#N/A
Static,7026,0.001996279,#N/A,#N/A,#N/A,#N/A,0.001996279
Algorithm,1424,0.002998114,0.002998114,#N/A,#N/A,#N/A,#N/A
Knapsack,4905,0.001000404,#N/A,0.001000404,#N/A,#N/A,#N/A
Recursive Knapsack,4905,0.040133238,#N/A,#N/A,0.040133238,#N/A,#N/A
Dynamic,4062,0.001997709,#N/A,#N/A,#N/A,0.001997709,#N/A
Static,6258,0.000999928,#N/A,#N/A,#N/A,#N/A,0.000999928
Algorithm,1948,0.002164602,0.002164602,#N/A,#N/A,#N/A,#N/A
Knapsack,5271,0.000999689,#N/A,0.000999689,#N/A,#N/A,#N/A
Recursive Knapsack,5271,0.043247223,#N/A,#N/A,0.043247223,#N/A,#N/A
Dynamic,5479,0.002993107,#N/A,#N/A,#N/A,0.002993107,#N/A
Static,3989,0.00215435,#N/A,#N/A,#N/A,#N/A,0.00215435
Algorithm,1562,0.002309799,0.002309799,#N/A,#N/A,#N/A,#N/A
Knapsack,5044,0.001497984,#N/A,0.001497984,#N/A,#N/A,#N/A
Recursive Knapsack,5044,0.218144894,#N/A,#N/A,0.218144894,#N/A,#N/A
Dynamic,4596,0.002016068,#N/A,#N/A,#N/A,0.002016068,#N/A
Static,5805,0.001000166,#N/A,#N/A,#N/A,#N/A,0.001000166
Algorithm,1380,0.00199604,0.00199604,#N/A,#N/A,#N/A,#N/A
Knapsack,4643,0.001999617,#N/A,0.001999617,#N/A,#N/A,#N/A
Recursive Knapsack,4643,0.040527582,#N/A,#N/A,0.040527582,#N/A,#N/A
Dynamic,4777,0.001368046,#N/A,#N/A,#N/A,0.001368046,#N/A
Static,3720,0.001130104,#N/A,#N/A,#N/A,#N/A,0.001130104
Algorithm,1157,0.001016378,0.001016378,#N/A,#N/A,#N/A,#N/A
Knapsack,4764,0.00100255,#N/A,0.00100255,#N/A,#N/A,#N/A
Recursive Knapsack,4764,0.323303699,#N/A,#N/A,0.323303699,#N/A,#N/A
Dynamic,3449,0.001000643,#N/A,#N/A,#N/A,0.001000643,#N/A
Static,6189,0.003055096,#N/A,#N/A,#N/A,#N/A,0.003055096
Algorithm,2148,0.003000736,0.003000736,#N/A,#N/A,#N/A,#N/A
Knapsack,5454,0.000998497,#N/A,0.000998497,#N/A,#N/A,#N/A
Recursive Knapsack,5454,0.015785694,#N/A,#N/A,0.015785694,#N/A,#N/A
Dynamic,5724,0.001029968,#N/A,#N/A,#N/A,0.001029968,#N/A
Static,3948,0.00248003,#N/A,#N/A,#N/A,#N/A,0.00248003
Algorithm,1461,0.00117445,0.00117445,#N/A,#N/A,#N/A,#N/A
Knapsack,4598,0.000999689,#N/A,0.000999689,#N/A,#N/A,#N/A
Recursive Knapsack,4598,0.128535032,#N/A,#N/A,0.128535032,#N/A,#N/A
Dynamic,4433,0.00117898,#N/A,#N/A,#N/A,0.00117898,#N/A
Static,2801,0.002028704,#N/A,#N/A,#N/A,#N/A,0.002028704
Algorithm,1426,0.001036882,0.001036882,#N/A,#N/A,#N/A,#N/A
Knapsack,4630,0.001101494,#N/A,0.001101494,#N/A,#N/A,#N/A
Recursive Knapsack,4630,0.021824598,#N/A,#N/A,0.021824598,#N/A,#N/A
Dynamic,3580,0.002228737,#N/A,#N/A,#N/A,0.002228737,#N/A
Static,5243,0.001025915,#N/A,#N/A,#N/A,#N/A,0.001025915
Algorithm,1254,0.002447128,0.002447128,#N/A,#N/A,#N/A,#N/A
Recursive Knapsack,4585,0.130429029,#N/A,#N/A,0.130429029,#N/A,#N/A
Dynamic,3985,0.001036882,#N/A,#N/A,#N/A,0.001036882,#N/A
Static,4300,0.002032042,#N/A,#N/A,#N/A,#N/A,0.002032042
Algorithm,1679,0.001554728,0.001554728,#N/A,#N/A,#N/A,#N/A
Knapsack,5050,0.000953674,#N/A,0.000953674,#N/A,#N/A,#N/A
Recursive Knapsack,5050,0.00412488,#N/A,#N/A,0.00412488,#N/A,#N/A
Dynamic,5606,0.002473831,#N/A,#N/A,#N/A,0.002473831,#N/A
Static,3893,0.001652479,#N/A,#N/A,#N/A,#N/A,0.001652479
Algorithm,1398,0.002382755,0.002382755,#N/A,#N/A,#N/A,#N/A
Knapsack,4920,0.001013517,#N/A,0.001013517,#N/A,#N/A,#N/A
Recursive Knapsack,4920,0.019257784,#N/A,#N/A,0.019257784,#N/A,#N/A
Dynamic,4206,0.002030373,#N/A,#N/A,#N/A,0.002030373,#N/A
Static,6350,0.001511097,#N/A,#N/A,#N/A,#N/A,0.001511097
Algorithm,1773,0.002398968,0.002398968,#N/A,#N/A,#N/A,#N/A
Knapsack,4894,0.000987291,#N/A,0.000987291,#N/A,#N/A,#N/A
Recursive Knapsack,4894,0.006245375,#N/A,#N/A,0.006245375,#N/A,#N/A
Dynamic,4801,0.00102663,#N/A,#N/A,#N/A,0.00102663,#N/A
Static,5089,0.001099348,#N/A,#N/A,#N/A,#N/A,0.001099348
Algorithm,1614,0.002015352,0.002015352,#N/A,#N/A,#N/A,#N/A
Knapsack,4670,0.000992537,#N/A,0.000992537,#N/A,#N/A,#N/A
Recursive Knapsack,4670,0.013315201,#N/A,#N/A,0.013315201,#N/A,#N/A
Dynamic,4787,0.002314806,#N/A,#N/A,#N/A,0.002314806,#N/A
Static,3320,0.001015186,#N/A,#N/A,#N/A,#N/A,0.001015186
Algorithm,1902,0.001235485,0.001235485,#N/A,#N/A,#N/A,#N/A
Knapsack,5193,0.001062632,#N/A,0.001062632,#N/A,#N/A,#N/A
Recursive Knapsack,5193,0.157946348,#N/A,#N/A,0.157946348,#N/A,#N/A
Dynamic,5300,0.001998901,#N/A,#N/A,#N/A,0.001998901,#N/A
Static,3340,0.001000881,#N/A,#N/A,#N/A,#N/A,0.001000881
Algorithm,2298,0.001292467,0.001292467,#N/A,#N/A,#N/A,#N/A
Knapsack,5217,0.001281023,#N/A,0.001281023,#N/A,#N/A,#N/A
Recursive Knapsack,inf,0.006183147,#N/A,#N/A,0.006183147,#N/A,#N/A
Dynamic,4970,0.001094341,#N/A,#N/A,#N/A,0.001094341,#N/A
Static,1792,0.00139451,#N/A,#N/A,#N/A,#N/A,0.00139451
Algorithm,1563,0.002188921,0.002188921,#N/A,#N/A,#N/A,#N/A
Recursive Knapsack,5359,0.011766434,#N/A,#N/A,0.011766434,#N/A,#N/A
Dynamic,5027,0.001849174,#N/A,#N/A,#N/A,0.001849174,#N/A
Static,5291,0.00201273,#N/A,#N/A,#N/A,#N/A,0.00201273
Algorithm,1776,0.001997948,0.001997948,#N/A,#N/A,#N/A,#N/A
Recursive Knapsack,4993,0.011207342,#N/A,#N/A,0.011207342,#N/A,#N/A
Dynamic,4596,0.001554251,#N/A,#N/A,#N/A,0.001554251,#N/A
Static,3940,0.001982927,#N/A,#N/A,#N/A,#N/A,0.001982927
Algorithm,1233,0.001392365,0.001392365,#N/A,#N/A,#N/A,#N/A
Knapsack,4606,0.001023769,#N/A,0.001023769,#N/A,#N/A,#N/A
Recursive Knapsack,4606,0.019062757,#N/A,#N/A,0.019062757,#N/A,#N/A
Dynamic,3496,0.001983166,#N/A,#N/A,#N/A,0.001983166,#N/A
Static,5816,0.002150536,#N/A,#N/A,#N/A,#N/A,0.002150536
Algorithm,1181,0.002141953,0.002141953,#N/A,#N/A,#N/A,#N/A
Knapsack,4715,0.001417637,#N/A,0.001417637,#N/A,#N/A,#N/A
Recursive Knapsack,4715,0.034050703,#N/A,#N/A,0.034050703,#N/A,#N/A
Dynamic,3756,0.002360821,#N/A,#N/A,#N/A,0.002360821,#N/A
Static,5619,0.002026558,#N/A,#N/A,#N/A,#N/A,0.002026558
Algorithm,1669,0.001999378,0.001999378,#N/A,#N/A,#N/A,#N/A
Knapsack,4955,0.001498699,#N/A,0.001498699,#N/A,#N/A,#N/A
Recursive Knapsack,4955,0.236223698,#N/A,#N/A,0.236223698,#N/A,#N/A
Dynamic,4702,0.000999451,#N/A,#N/A,#N/A,0.000999451,#N/A
Static,4818,0.001999617,#N/A,#N/A,#N/A,#N/A,0.001999617
Algorithm,1497,0.002561331,0.002561331,#N/A,#N/A,#N/A,#N/A
Knapsack,4819,0.001368523,#N/A,0.001368523,#N/A,#N/A,#N/A
Recursive Knapsack,4819,0.010947704,#N/A,#N/A,0.010947704,#N/A,#N/A
Dynamic,4209,0.001116991,#N/A,#N/A,#N/A,0.001116991,#N/A
Static,5493,0.004373789,#N/A,#N/A,#N/A,#N/A,0.004373789
Algorithm,1878,0.003127337,0.003127337,#N/A,#N/A,#N/A,#N/A
Knapsack,5121,0.000994682,#N/A,0.000994682,#N/A,#N/A,#N/A
Recursive Knapsack,5121,0.013206482,#N/A,#N/A,0.013206482,#N/A,#N/A
Dynamic,5108,0.001023769,#N/A,#N/A,#N/A,0.001023769,#N/A
Static,5568,0.00250864,#N/A,#N/A,#N/A,#N/A,0.00250864
Algorithm,2021,0.002023697,0.002023697,#N/A,#N/A,#N/A,#N/A
Knapsack,5296,0.002431631,#N/A,0.002431631,#N/A,#N/A,#N/A
Recursive Knapsack,5296,0.008820295,#N/A,#N/A,0.008820295,#N/A,#N/A
Dynamic,5529,0.001507759,#N/A,#N/A,#N/A,0.001507759,#N/A
Static,5758,0.002017498,#N/A,#N/A,#N/A,#N/A,0.002017498
Algorithm,1814,0.002007008,0.002007008,#N/A,#N/A,#N/A,#N/A
Knapsack,5097,0.001001835,#N/A,0.001001835,#N/A,#N/A,#N/A
Recursive Knapsack,5097,0.011021614,#N/A,#N/A,0.011021614,#N/A,#N/A
Dynamic,5087,0.002296925,#N/A,#N/A,#N/A,0.002296925,#N/A
Static,4769,0.002279758,#N/A,#N/A,#N/A,#N/A,0.002279758
Algorithm,1725,0.001996279,0.001996279,#N/A,#N/A,#N/A,#N/A
Recursive Knapsack,5134,0.058018923,#N/A,#N/A,0.058018923,#N/A,#N/A
Dynamic,4489,0.001007795,#N/A,#N/A,#N/A,0.001007795,#N/A
Static,6313,0.002017736,#N/A,#N/A,#N/A,#N/A,0.002017736
Algorithm,1534,0.001285791,0.001285791,#N/A,#N/A,#N/A,#N/A
Knapsack,5085,0.001182795,#N/A,0.001182795,#N/A,#N/A,#N/A
Recursive Knapsack,5085,0.014997244,#N/A,#N/A,0.014997244,#N/A,#N/A
Dynamic,4263,0.003143311,#N/A,#N/A,#N/A,0.003143311,#N/A
Static,6912,0.002238512,#N/A,#N/A,#N/A,#N/A,0.002238512
Algorithm,1273,0.002997398,0.002997398,#N/A,#N/A,#N/A,#N/A
Knapsack,4565,0.001001835,#N/A,0.001001835,#N/A,#N/A,#N/A
Recursive Knapsack,4565,0.013380527,#N/A,#N/A,0.013380527,#N/A,#N/A
Dynamic,3930,0.00199914,#N/A,#N/A,#N/A,0.00199914,#N/A
Static,4039,0.002126217,#N/A,#N/A,#N/A,#N/A,0.002126217
Algorithm,1565,0.001000166,0.001000166,#N/A,#N/A,#N/A,#N/A
Knapsack,5023,0.001060247,#N/A,0.001060247,#N/A,#N/A,#N/A
Recursive Knapsack,5023,0.314053535,#N/A,#N/A,0.314053535,#N/A,#N/A
Dynamic,4251,0.000999928,#N/A,#N/A,#N/A,0.000999928,#N/A
Static,6454,0.002712488,#N/A,#N/A,#N/A,#N/A,0.002712488
Algorithm,1218,0.000997066,0.000997066,#N/A,#N/A,#N/A,#N/A
Recursive Knapsack,4859,0.016489983,#N/A,#N/A,0.016489983,#N/A,#N/A
Dynamic,3850,0.001999378,#N/A,#N/A,#N/A,0.001999378,#N/A
Static,6263,0.002311707,#N/A,#N/A,#N/A,#N/A,0.002311707
Algorithm,1970,0.001997948,0.001997948,#N/A,#N/A,#N/A,#N/A
Recursive Knapsack,5649,0.113047838,#N/A,#N/A,0.113047838,#N/A,#N/A
Dynamic,5629,0.001999378,#N/A,#N/A,#N/A,0.001999378,#N/A
Static,6871,0.001000643,#N/A,#N/A,#N/A,#N/A,0.001000643
Algorithm,1650,0.002607107,0.002607107,#N/A,#N/A,#N/A,#N/A
Recursive Knapsack,4984,0.015512943,#N/A,#N/A,0.015512943,#N/A,#N/A
Dynamic,4602,0.001542568,#N/A,#N/A,#N/A,0.001542568,#N/A
Static,4615,0.002453327,#N/A,#N/A,#N/A,#N/A,0.002453327
Algorithm,1810,0.001488209,0.001488209,#N/A,#N/A,#N/A,#N/A
Recursive Knapsack,4989,0.016485453,#N/A,#N/A,0.016485453,#N/A,#N/A
Dynamic,5515,0.003448248,#N/A,#N/A,#N/A,0.003448248,#N/A
Static,2373,0.002001286,#N/A,#N/A,#N/A,#N/A,0.002001286
Algorithm,1490,0.002377748,0.002377748,#N/A,#N/A,#N/A,#N/A
Knapsack,4812,0.001413822,#N/A,0.001413822,#N/A,#N/A,#N/A
Recursive Knapsack,4812,0.019235611,#N/A,#N/A,0.019235611,#N/A,#N/A
Dynamic,4347,0.002004147,#N/A,#N/A,#N/A,0.002004147,#N/A
Static,5045,0.002017736,#N/A,#N/A,#N/A,#N/A,0.002017736
Algorithm,1739,0.001014709,0.001014709,#N/A,#N/A,#N/A,#N/A
Knapsack,5085,0.001027346,#N/A,0.001027346,#N/A,#N/A,#N/A
Recursive Knapsack,5085,0.012937069,#N/A,#N/A,0.012937069,#N/A,#N/A
Dynamic,4807,0.002798796,#N/A,#N/A,#N/A,0.002798796,#N/A
Static,5573,0.001008272,#N/A,#N/A,#N/A,#N/A,0.001008272
Algorithm,2130,0.001008272,0.001008272,#N/A,#N/A,#N/A,#N/A
Recursive Knapsack,5158,0.009547949,#N/A,#N/A,0.009547949,#N/A,#N/A
Dynamic,5388,0.002521038,#N/A,#N/A,#N/A,0.002521038,#N/A
Static,3242,0.001999617,#N/A,#N/A,#N/A,#N/A,0.001999617
Algorithm,1372,0.002892494,0.002892494,#N/A,#N/A,#N/A,#N/A
Knapsack,4731,0.001208305,#N/A,0.001208305,#N/A,#N/A,#N/A
Recursive Knapsack,4731,0.134671688,#N/A,#N/A,0.134671688,#N/A,#N/A
Dynamic,4974,0.001527786,#N/A,#N/A,#N/A,0.001527786,#N/A
Static,2887,0.00142312,#N/A,#N/A,#N/A,#N/A,0.00142312
Algorithm,1301,0.001195192,0.001195192,#N/A,#N/A,#N/A,#N/A
Recursive Knapsack,4755,0.018273354,#N/A,#N/A,0.018273354,#N/A,#N/A
Dynamic,3946,0.00211525,#N/A,#N/A,#N/A,0.00211525,#N/A
Static,5777,0.001012564,#N/A,#N/A,#N/A,#N/A,0.001012564
Algorithm,1429,0.001036882,0.001036882,#N/A,#N/A,#N/A,#N/A
Recursive Knapsack,4800,0.045675993,#N/A,#N/A,0.045675993,#N/A,#N/A
Dynamic,4323,0.000999928,#N/A,#N/A,#N/A,0.000999928,#N/A
Static,6600,0.002000093,#N/A,#N/A,#N/A,#N/A,0.002000093
Algorithm,2062,0.002013922,0.002013922,#N/A,#N/A,#N/A,#N/A
Knapsack,5075,0.001472473,#N/A,0.001472473,#N/A,#N/A,#N/A
Recursive Knapsack,5075,0.007009745,#N/A,#N/A,0.007009745,#N/A,#N/A
Dynamic,4612,0.001999855,#N/A,#N/A,#N/A,0.001999855,#N/A
Static,4211,0.001000881,#N/A,#N/A,#N/A,#N/A,0.001000881
Algorithm,1213,0.001983166,0.001983166,#N/A,#N/A,#N/A,#N/A
Recursive Knapsack,4666,0.011374712,#N/A,#N/A,0.011374712,#N/A,#N/A
Dynamic,4138,0.002029896,#N/A,#N/A,#N/A,0.002029896,#N/A
Static,4913,0.001000404,#N/A,#N/A,#N/A,#N/A,0.001000404
Algorithm,1962,0.002446175,0.002446175,#N/A,#N/A,#N/A,#N/A
Knapsack,5200,0.00100255,#N/A,0.00100255,#N/A,#N/A,#N/A
Recursive Knapsack,5200,0.035652161,#N/A,#N/A,0.035652161,#N/A,#N/A
Dynamic,4883,0.000999928,#N/A,#N/A,#N/A,0.000999928,#N/A
Static,6166,0.001999855,#N/A,#N/A,#N/A,#N/A,0.001999855
Algorithm,1450,0.000995636,0.000995636,#N/A,#N/A,#N/A,#N/A
Knapsack,4807,0.001000166,#N/A,0.001000166,#N/A,#N/A,#N/A
Recursive Knapsack,4807,0.008999825,#N/A,#N/A,0.008999825,#N/A,#N/A
Dynamic,4220,0.002562284,#N/A,#N/A,#N/A,0.002562284,#N/A
Static,3746,0.001000404,#N/A,#N/A,#N/A,#N/A,0.001000404
Algorithm,1462,0.001986265,0.001986265,#N/A,#N/A,#N/A,#N/A
Knapsack,5231,0.000999928,#N/A,0.000999928,#N/A,#N/A,#N/A
Recursive Knapsack,5231,0.01699996,#N/A,#N/A,0.01699996,#N/A,#N/A
Dynamic,4675,0.002000332,#N/A,#N/A,#N/A,0.002000332,#N/A
Static,6298,0.001999617,#N/A,#N/A,#N/A,#N/A,0.001999617
Algorithm,1591,0.001999855,0.001999855,#N/A,#N/A,#N/A,#N/A
Knapsack,5119,0.000998735,#N/A,0.000998735,#N/A,#N/A,#N/A
Recursive Knapsack,5119,0.013325453,#N/A,#N/A,0.013325453,#N/A,#N/A
Dynamic,4852,0.001000881,#N/A,#N/A,#N/A,0.001000881,#N/A
Static,5554,0.003640652,#N/A,#N/A,#N/A,#N/A,0.003640652
Algorithm,905,0.002012491,0.002012491,#N/A,#N/A,#N/A,#N/A
Knapsack,4437,0.001144886,#N/A,0.001144886,#N/A,#N/A,#N/A
Recursive Knapsack,4437,0.015632153,#N/A,#N/A,0.015632153,#N/A,#N/A
Dynamic,3216,0.002008677,#N/A,#N/A,#N/A,0.002008677,#N/A
Static,5961,0.001514435,#N/A,#N/A,#N/A,#N/A,0.001514435
Algorithm,1169,0.002001286,0.002001286,#N/A,#N/A,#N/A,#N/A
Knapsack,4732,0.001102448,#N/A,0.001102448,#N/A,#N/A,#N/A
Recursive Knapsack,4732,0.119361401,#N/A,#N/A,0.119361401,#N/A,#N/A
Dynamic,4072,0.000999928,#N/A,#N/A,#N/A,0.000999928,#N/A
Static,5346,0.001488447,#N/A,#N/A,#N/A,#N/A,0.001488447
Algorithm,1227,0.001881599,0.001881599,#N/A,#N/A,#N/A,#N/A
Knapsack,4228,0.001797676,#N/A,0.001797676,#N/A,#N/A,#N/A
Recursive Knapsack,4228,0.121256351,#N/A,#N/A,0.121256351,#N/A,#N/A
Dynamic,4209,0.002000093,#N/A,#N/A,#N/A,0.002000093,#N/A
Static,4268,0.001999855,#N/A,#N/A,#N/A,#N/A,0.001999855
Algorithm,1842,0.001000166,0.001000166,#N/A,#N/A,#N/A,#N/A
Knapsack,4949,0.001000166,#N/A,0.001000166,#N/A,#N/A,#N/A
Recursive Knapsack,4949,0.030999899,#N/A,#N/A,0.030999899,#N/A,#N/A
Dynamic,5091,0.001999855,#N/A,#N/A,#N/A,0.001999855,#N/A
Static,4051,0.000999928,#N/A,#N/A,#N/A,#N/A,0.000999928
Algorithm,1526,0.003000259,0.003000259,#N/A,#N/A,#N/A,#N/A
Knapsack,4631,0.001000166,#N/A,0.001000166,#N/A,#N/A,#N/A
Recursive Knapsack,4631,0.126591921,#N/A,#N/A,0.126591921,#N/A,#N/A
Dynamic,3726,0.001000166,#N/A,#N/A,#N/A,0.001000166,#N/A
Static,4752,0.002000093,#N/A,#N/A,#N/A,#N/A,0.002000093
Algorithm,1271,0.001999855,0.001999855,#N/A,#N/A,#N/A,#N/A
Knapsack,4452,0.001018286,#N/A,0.001018286,#N/A,#N/A,#N/A
Recursive Knapsack,4452,0.089311123,#N/A,#N/A,0.089311123,#N/A,#N/A
Dynamic,3787,0.000999689,#N/A,#N/A,#N/A,0.000999689,#N/A
Static,5482,0.002212048,#N/A,#N/A,#N/A,#N/A,0.002212048
Algorithm,1341,0.001787901,0.001787901,#N/A,#N/A,#N/A,#N/A
Knapsack,4945,0.001335382,#N/A,0.001335382,#N/A,#N/A,#N/A
Recursive Knapsack,4945,0.007654905,#N/A,#N/A,0.007654905,#N/A,#N/A
Dynamic,4617,0.001254559,#N/A,#N/A,#N/A,0.001254559,#N/A
Static,5331,0.002499819,#N/A,#N/A,#N/A,#N/A,0.002499819
Algorithm,1589,0.002013206,0.002013206,#N/A,#N/A,#N/A,#N/A
Knapsack,5153,0.000998735,#N/A,0.000998735,#N/A,#N/A,#N/A
Recursive Knapsack,5153,0.431260347,#N/A,#N/A,0.431260347,#N/A,#N/A
Dynamic,4653,0.002016783,#N/A,#N/A,#N/A,0.002016783,#N/A
Static,5764,0.002000093,#N/A,#N/A,#N/A,#N/A,0.002000093
Algorithm,1514,0.002014637,0.002014637,#N/A,#N/A,#N/A,#N/A
Knapsack,4513,0.001010895,#N/A,0.001010895,#N/A,#N/A,#N/A
Recursive Knapsack,4513,0.010015726,#N/A,#N/A,0.010015726,#N/A,#N/A
Dynamic,3846,0.002081156,#N/A,#N/A,#N/A,0.002081156,#N/A
Static,5845,0.001538038,#N/A,#N/A,#N/A,#N/A,0.001538038
Algorithm,1760,0.001999378,0.001999378,#N/A,#N/A,#N/A,#N/A
Recursive Knapsack,4951,0.201113939,#N/A,#N/A,0.201113939,#N/A,#N/A
Dynamic,4485,0.000999928,#N/A,#N/A,#N/A,0.000999928,#N/A
Static,4452,0.001999855,#N/A,#N/A,#N/A,#N/A,0.001999855
Algorithm,1228,0.001843691,0.001843691,#N/A,#N/A,#N/A,#N/A
Knapsack,4939,0.001008749,#N/A,0.001008749,#N/A,#N/A,#N/A
Recursive Knapsack,4939,0.013070583,#N/A,#N/A,0.013070583,#N/A,#N/A
Dynamic,3927,0.001000643,#N/A,#N/A,#N/A,0.001000643,#N/A
Static,5968,0.003004313,#N/A,#N/A,#N/A,#N/A,0.003004313
Algorithm,1021,0.003772974,0.003772974,#N/A,#N/A,#N/A,#N/A
Knapsack,4536,0.000998974,#N/A,0.000998974,#N/A,#N/A,#N/A
Recursive Knapsack,4536,0.152764559,#N/A,#N/A,0.152764559,#N/A,#N/A
Dynamic,3753,0.00100112,#N/A,#N/A,#N/A,0.00100112,#N/A
Static,5874,0.001998663,#N/A,#N/A,#N/A,#N/A,0.001998663
Algorithm,1771,0.001981497,0.001981497,#N/A,#N/A,#N/A,#N/A
Recursive Knapsack,5369,0.01199913,#N/A,#N/A,0.01199913,#N/A,#N/A
Dynamic,5329,0.00300169,#N/A,#N/A,#N/A,0.00300169,#N/A
Static,7345,0.002231121,#N/A,#N/A,#N/A,#N/A,0.002231121
Algorithm,1211,0.001997948,0.001997948,#N/A,#N/A,#N/A,#N/A
Knapsack,4564,0.001015902,#N/A,0.001015902,#N/A,#N/A,#N/A
Recursive Knapsack,4564,0.018853903,#N/A,#N/A,0.018853903,#N/A,#N/A
Dynamic,3921,0.001999855,#N/A,#N/A,#N/A,0.001999855,#N/A
Static,5465,0.003003359,#N/A,#N/A,#N/A,#N/A,0.003003359
Algorithm,1720,0.002151728,0.002151728,#N/A,#N/A,#N/A,#N/A
Knapsack,5037,0.000522852,#N/A,0.000522852,#N/A,#N/A,#N/A
Recursive Knapsack,5037,0.015223503,#N/A,#N/A,0.015223503,#N/A,#N/A
Dynamic,4785,0.001012325,#N/A,#N/A,#N/A,0.001012325,#N/A
Static,4904,0.002561808,#N/A,#N/A,#N/A,#N/A,0.002561808
Algorithm,1596,0.002014637,0.002014637,#N/A,#N/A,#N/A,#N/A
Knapsack,4815,0.001257658,#N/A,0.001257658,#N/A,#N/A,#N/A
Recursive Knapsack,4815,0.01257062,#N/A,#N/A,0.01257062,#N/A,#N/A
Dynamic,5097,0.001105309,#N/A,#N/A,#N/A,0.001105309,#N/A
Static,3255,0.001266718,#N/A,#N/A,#N/A,#N/A,0.001266718
Algorithm,1795,0.002073765,0.002073765,#N/A,#N/A,#N/A,#N/A
Knapsack,5189,0.001214743,#N/A,0.001214743,#N/A,#N/A,#N/A
Recursive Knapsack,5189,0.007400513,#N/A,#N/A,0.007400513,#N/A,#N/A
Dynamic,5239,0.00201273,#N/A,#N/A,#N/A,0.00201273,#N/A
Static,5176,0.002997875,#N/A,#N/A,#N/A,#N/A,0.002997875
Algorithm,1498,0.00113821,0.00113821,#N/A,#N/A,#N/A,#N/A
Knapsack,4849,0.00146699,#N/A,0.00146699,#N/A,#N/A,#N/A
Recursive Knapsack,4849,0.067887068,#N/A,#N/A,0.067887068,#N/A,#N/A
Dynamic,4562,0.003636122,#N/A,#N/A,#N/A,0.003636122,#N/A
Static,3940,0.001010418,#N/A,#N/A,#N/A,#N/A,0.001010418
Algorithm,1808,0.001009464,0.001009464,#N/A,#N/A,#N/A,#N/A
Knapsack,4788,0.001038551,#N/A,0.001038551,#N/A,#N/A,#N/A
Recursive Knapsack,4788,0.061012506,#N/A,#N/A,0.061012506,#N/A,#N/A
Dynamic,4826,0.000999928,#N/A,#N/A,#N/A,0.000999928,#N/A
Static,3305,0.002000093,#N/A,#N/A,#N/A,#N/A,0.002000093
Algorithm,1061,0.001483917,0.001483917,#N/A,#N/A,#N/A,#N/A
Recursive Knapsack,4380,0.014327288,#N/A,#N/A,0.014327288,#N/A,#N/A
Dynamic,3505,0.000999928,#N/A,#N/A,#N/A,0.000999928,#N/A
Static,5644,0.002003193,#N/A,#N/A,#N/A,#N/A,0.002003193
Algorithm,2191,0.00201869,0.00201869,#N/A,#N/A,#N/A,#N/A
Knapsack,5169,0.001004696,#N/A,0.001004696,#N/A,#N/A,#N/A
Recursive Knapsack,5169,0.010878801,#N/A,#N/A,0.010878801,#N/A,#N/A
Dynamic,5246,0.002127647,#N/A,#N/A,#N/A,0.002127647,#N/A
Static,3565,0.001008272,#N/A,#N/A,#N/A,#N/A,0.001008272
Algorithm,1102,0.002188444,0.002188444,#N/A,#N/A,#N/A,#N/A
Knapsack,4927,0.000980377,#N/A,0.000980377,#N/A,#N/A,#N/A
Recursive Knapsack,4927,0.057516813,#N/A,#N/A,0.057516813,#N/A,#N/A
Dynamic,4114,0.002029181,#N/A,#N/A,#N/A,0.002029181,#N/A
Static,4931,0.000999928,#N/A,#N/A,#N/A,#N/A,0.000999928
Algorithm,1277,0.001001358,0.001001358,#N/A,#N/A,#N/A,#N/A
Knapsack,4611,0.000985146,#N/A,0.000985146,#N/A,#N/A,#N/A
Recursive Knapsack,4611,0.011169672,#N/A,#N/A,0.011169672,#N/A,#N/A
Dynamic,3966,0.002308369,#N/A,#N/A,#N/A,0.002308369,#N/A
Static,6080,0.001998186,#N/A,#N/A,#N/A,#N/A,0.001998186
Algorithm,1205,0.00298357,0.00298357,#N/A,#N/A,#N/A,#N/A
Knapsack,4640,0.002131462,#N/A,0.002131462,#N/A,#N/A,#N/A
Recursive Knapsack,4640,0.018419266,#N/A,#N/A,0.018419266,#N/A,#N/A
Dynamic,3612,0.002003193,#N/A,#N/A,#N/A,0.002003193,#N/A
Static,6065,0.002001286,#N/A,#N/A,#N/A,#N/A,0.002001286
Algorithm,1723,0.00216341,0.00216341,#N/A,#N/A,#N/A,#N/A
Knapsack,4767,0.001004219,#N/A,0.001004219,#N/A,#N/A,#N/A
Recursive Knapsack,4767,0.127025604,#N/A,#N/A,0.127025604,#N/A,#N/A
Dynamic,4818,0.001998425,#N/A,#N/A,#N/A,0.001998425,#N/A
Static,2238,0.000999689,#N/A,#N/A,#N/A,#N/A,0.000999689
Algorithm,1426,0.002028227,0.002028227,#N/A,#N/A,#N/A,#N/A
Knapsack,4970,0.001016855,#N/A,0.001016855,#N/A,#N/A,#N/A
Recursive Knapsack,4970,0.036764145,#N/A,#N/A,0.036764145,#N/A,#N/A
Dynamic,4224,0.001983881,#N/A,#N/A,#N/A,0.001983881,#N/A
Static,4925,0.001004696,#N/A,#N/A,#N/A,#N/A,0.001004696
Algorithm,1245,0.001396418,0.001396418,#N/A,#N/A,#N/A,#N/A
Knapsack,4773,0.001215219,#N/A,0.001215219,#N/A,#N/A,#N/A
Recursive Knapsack,4773,0.016005516,#N/A,#N/A,0.016005516,#N/A,#N/A
Dynamic,4644,0.002494097,#N/A,#N/A,#N/A,0.002494097,#N/A
Static,4424,0.002048254,#N/A,#N/A,#N/A,#N/A,0.002048254
Algorithm,1687,0.003000259,0.003000259,#N/A,#N/A,#N/A,#N/A
Knapsack,4821,0.000997782,#N/A,0.000997782,#N/A,#N/A,#N/A
Recursive Knapsack,4821,0.013282776,#N/A,#N/A,0.013282776,#N/A,#N/A
Dynamic,4659,0.002217293,#N/A,#N/A,#N/A,0.002217293,#N/A
Static,4366,0.002233744,#N/A,#N/A,#N/A,#N/A,0.002233744
Algorithm,1339,0.003288746,0.003288746,#N/A,#N/A,#N/A,#N/A
Knapsack,4712,0.001066923,#N/A,0.001066923,#N/A,#N/A,#N/A
Recursive Knapsack,4712,0.02329874,#N/A,#N/A,0.02329874,#N/A,#N/A
Dynamic,3860,0.001862764,#N/A,#N/A,#N/A,0.001862764,#N/A
Static,6117,0.00301218,#N/A,#N/A,#N/A,#N/A,0.00301218
Algorithm,1272,0.001010895,0.001010895,#N/A,#N/A,#N/A,#N/A
Knapsack,4566,0.000998735,#N/A,0.000998735,#N/A,#N/A,#N/A
Recursive Knapsack,4566,0.14731431,#N/A,#N/A,0.14731431,#N/A,#N/A
Dynamic,4372,0.002004385,#N/A,#N/A,#N/A,0.002004385,#N/A
Static,3161,0.002000332,#N/A,#N/A,#N/A,#N/A,0.002000332
Algorithm,782,0.00099802,0.00099802,#N/A,#N/A,#N/A,#N/A
Knapsack,4558,0.00099802,#N/A,0.00099802,#N/A,#N/A,#N/A
Recursive Knapsack,4558,0.017366409,#N/A,#N/A,0.017366409,#N/A,#N/A
Dynamic,3829,0.003020287,#N/A,#N/A,#N/A,0.003020287,#N/A
Static,6041,0.000999212,#N/A,#N/A,#N/A,#N/A,0.000999212
Algorithm,1795,0.001012564,0.001012564,#N/A,#N/A,#N/A,#N/A
Knapsack,5268,0.000999212,#N/A,0.000999212,#N/A,#N/A,#N/A
Recursive Knapsack,5268,0.196234226,#N/A,#N/A,0.196234226,#N/A,#N/A
Dynamic,4806,0.002000093,#N/A,#N/A,#N/A,0.002000093,#N/A
Static,6236,0.001999855,#N/A,#N/A,#N/A,#N/A,0.001999855
Algorithm,1666,0.001485825,0.001485825,#N/A,#N/A,#N/A,#N/A
Knapsack,4999,0.001089811,#N/A,0.001089811,#N/A,#N/A,#N/A
Recursive Knapsack,4999,0.070053101,#N/A,#N/A,0.070053101,#N/A,#N/A
Dynamic,4876,0.001615524,#N/A,#N/A,#N/A,0.001615524,#N/A
Static,4408,0.001030922,#N/A,#N/A,#N/A,#N/A,0.001030922
Algorithm,1967,0.002287388,0.002287388,#N/A,#N/A,#N/A,#N/A
Knapsack,5212,0.001014233,#N/A,0.001014233,#N/A,#N/A,#N/A
Recursive Knapsack,5212,0.008779049,#N/A,#N/A,0.008779049,#N/A,#N/A
Dynamic,5597,0.002395868,#N/A,#N/A,#N/A,0.002395868,#N/A
Static,5952,0.001080036,#N/A,#N/A,#N/A,#N/A,0.001080036
Algorithm,1123,0.002331972,0.002331972,#N/A,#N/A,#N/A,#N/A
Knapsack,4741,0.000997066,#N/A,0.000997066,#N/A,#N/A,#N/A
Recursive Knapsack,4741,0.039859772,#N/A,#N/A,0.039859772,#N/A,#N/A
Dynamic,4622,0.000999451,#N/A,#N/A,#N/A,0.000999451,#N/A
Static,5422,0.00199914,#N/A,#N/A,#N/A,#N/A,0.00199914
Algorithm,1908,0.001994371,0.001994371,#N/A,#N/A,#N/A,#N/A
Knapsack,5170,0.001022816,#N/A,0.001022816,#N/A,#N/A,#N/A
Recursive Knapsack,5170,0.013267517,#N/A,#N/A,0.013267517,#N/A,#N/A
Dynamic,4788,0.001018763,#N/A,#N/A,#N/A,0.001018763,#N/A
Static,5648,0.001053333,#N/A,#N/A,#N/A,#N/A,0.001053333
Algorithm,903,0.002035379,0.002035379,#N/A,#N/A,#N/A,#N/A
Knapsack,4148,0.000985861,#N/A,0.000985861,#N/A,#N/A,#N/A
Recursive Knapsack,4148,0.01429224,#N/A,#N/A,0.01429224,#N/A,#N/A
Dynamic,2932,0.001083374,#N/A,#N/A,#N/A,0.001083374,#N/A
Static,5314,0.003488779,#N/A,#N/A,#N/A,#N/A,0.003488779
Algorithm,1377,0.002472878,0.002472878,#N/A,#N/A,#N/A,#N/A
Knapsack,4798,0.001166582,#N/A,0.001166582,#N/A,#N/A,#N/A
Recursive Knapsack,4798,0.164822817,#N/A,#N/A,0.164822817,#N/A,#N/A
Dynamic,4026,0.001999855,#N/A,#N/A,#N/A,0.001999855,#N/A
Static,6380,0.002000093,#N/A,#N/A,#N/A,#N/A,0.002000093
Algorithm,1653,0.001645088,0.001645088,#N/A,#N/A,#N/A,#N/A
Knapsack,4664,0.000998259,#N/A,0.000998259,#N/A,#N/A,#N/A
Recursive Knapsack,inf,0.117869139,#N/A,#N/A,0.117869139,#N/A,#N/A
Dynamic,5076,0.002099037,#N/A,#N/A,#N/A,0.002099037,#N/A
Static,1547,0.001055479,#N/A,#N/A,#N/A,#N/A,0.001055479
Algorithm,2288,0.00215292,0.00215292,#N/A,#N/A,#N/A,#N/A
Knapsack,4910,0.001026392,#N/A,0.001026392,#N/A,#N/A,#N/A
Recursive Knapsack,4910,0.007229567,#N/A,#N/A,0.007229567,#N/A,#N/A
Dynamic,5435,0.002381802,#N/A,#N/A,#N/A,0.002381802,#N/A
Static,2715,0.001450062,#N/A,#N/A,#N/A,#N/A,0.001450062
Algorithm,1640,0.001438856,0.001438856,#N/A,#N/A,#N/A,#N/A
Knapsack,5218,0.001010656,#N/A,0.001010656,#N/A,#N/A,#N/A
Recursive Knapsack,5218,0.027950287,#N/A,#N/A,0.027950287,#N/A,#N/A
Dynamic,4665,0.001490831,#N/A,#N/A,#N/A,0.001490831,#N/A
Static,4348,0.002443314,#N/A,#N/A,#N/A,#N/A,0.002443314
Algorithm,1437,0.002525091,0.002525091,#N/A,#N/A,#N/A,#N/A
Knapsack,4866,0.001312494,#N/A,0.001312494,#N/A,#N/A,#N/A
Recursive Knapsack,4866,0.013838768,#N/A,#N/A,0.013838768,#N/A,#N/A
Dynamic,4324,0.002014875,#N/A,#N/A,#N/A,0.002014875,#N/A
Static,5897,0.001996756,#N/A,#N/A,#N/A,#N/A,0.001996756
Algorithm,1407,0.002708197,0.002708197,#N/A,#N/A,#N/A,#N/A
Recursive Knapsack,5050,0.061106205,#N/A,#N/A,0.061106205,#N/A,#N/A
Dynamic,4036,0.002001047,#N/A,#N/A,#N/A,0.002001047,#N/A
Static,6729,0.002131701,#N/A,#N/A,#N/A,#N/A,0.002131701
Algorithm,1445,0.001007795,0.001007795,#N/A,#N/A,#N/A,#N/A
Knapsack,4795,0.001009703,#N/A,0.001009703,#N/A,#N/A,#N/A
Recursive Knapsack,4795,0.215364933,#N/A,#N/A,0.215364933,#N/A,#N/A
Dynamic,3921,0.002065659,#N/A,#N/A,#N/A,0.002065659,#N/A
Static,6435,0.001554012,#N/A,#N/A,#N/A,#N/A,0.001554012
Algorithm,1358,0.001333475,0.001333475,#N/A,#N/A,#N/A,#N/A
Recursive Knapsack,4462,0.267054319,#N/A,#N/A,0.267054319,#N/A,#N/A
Dynamic,3555,0.000999928,#N/A,#N/A,#N/A,0.000999928,#N/A
Static,4811,0.002000093,#N/A,#N/A,#N/A,#N/A,0.002000093
Algorithm,2065,0.001884937,0.001884937,#N/A,#N/A,#N/A,#N/A
Knapsack,5033,0.001009941,#N/A,0.001009941,#N/A,#N/A,#N/A
Recursive Knapsack,5033,0.112314224,#N/A,#N/A,0.112314224,#N/A,#N/A
Dynamic,5257,0.001124144,#N/A,#N/A,#N/A,0.001124144,#N/A
Static,4237,0.001963615,#N/A,#N/A,#N/A,#N/A,0.001963615
Algorithm,1185,0.003386497,0.003386497,#N/A,#N/A,#N/A,#N/A
Knapsack,4533,0.001016855,#N/A,0.001016855,#N/A,#N/A,#N/A
Recursive Knapsack,4533,0.130382299,#N/A,#N/A,0.130382299,#N/A,#N/A
Dynamic,3519,0.001984835,#N/A,#N/A,#N/A,0.001984835,#N/A
Static,4916,0.001308203,#N/A,#N/A,#N/A,#N/A,0.001308203
Algorithm,1525,0.002345324,0.002345324,#N/A,#N/A,#N/A,#N/A
Knapsack,5150,0.001464367,#N/A,0.001464367,#N/A,#N/A,#N/A
Recursive Knapsack,5150,0.127656937,#N/A,#N/A,0.127656937,#N/A,#N/A
Dynamic,4590,0.001999855,#N/A,#N/A,#N/A,0.001999855,#N/A
Static,4760,0.001000643,#N/A,#N/A,#N/A,#N/A,0.001000643
Algorithm,1581,0.00133729,0.00133729,#N/A,#N/A,#N/A,#N/A
Knapsack,4998,0.001008749,#N/A,0.001008749,#N/A,#N/A,#N/A
Recursive Knapsack,4998,0.018313885,#N/A,#N/A,0.018313885,#N/A,#N/A
Dynamic,4707,0.002150059,#N/A,#N/A,#N/A,0.002150059,#N/A
Static,5001,0.00251627,#N/A,#N/A,#N/A,#N/A,0.00251627
Algorithm,1480,0.001000881,0.001000881,#N/A,#N/A,#N/A,#N/A
Recursive Knapsack,5011,0.112271309,#N/A,#N/A,0.112271309,#N/A,#N/A
Dynamic,4284,0.001697302,#N/A,#N/A,#N/A,0.001697302,#N/A
Static,5268,0.002030134,#N/A,#N/A,#N/A,#N/A,0.002030134
Algorithm,1838,0.001009464,0.001009464,#N/A,#N/A,#N/A,#N/A
Knapsack,5266,0.000998259,#N/A,0.000998259,#N/A,#N/A,#N/A
Recursive Knapsack,5266,0.048393488,#N/A,#N/A,0.048393488,#N/A,#N/A
Dynamic,4595,0.001000404,#N/A,#N/A,#N/A,0.001000404,#N/A
Static,7395,0.00199914,#N/A,#N/A,#N/A,#N/A,0.00199914
Algorithm,1738,0.002314806,0.002314806,#N/A,#N/A,#N/A,#N/A
Knapsack,5132,0.001143694,#N/A,0.001143694,#N/A,#N/A,#N/A
Recursive Knapsack,5132,0.007781744,#N/A,#N/A,0.007781744,#N/A,#N/A
Dynamic,4716,0.00139904,#N/A,#N/A,#N/A,0.00139904,#N/A
Static,6870,0.00246191,#N/A,#N/A,#N/A,#N/A,0.00246191
Algorithm,1371,0.001998663,0.001998663,#N/A,#N/A,#N/A,#N/A
Knapsack,4834,0.001003504,#N/A,0.001003504,#N/A,#N/A,#N/A
Recursive Knapsack,4834,0.012502193,#N/A,#N/A,0.012502193,#N/A,#N/A
Dynamic,4484,0.001996517,#N/A,#N/A,#N/A,0.001996517,#N/A
Static,6010,0.001098156,#N/A,#N/A,#N/A,#N/A,0.001098156
Algorithm,1280,0.002409697,0.002409697,#N/A,#N/A,#N/A,#N/A
Knapsack,4719,0.001169682,#N/A,0.001169682,#N/A,#N/A,#N/A
Recursive Knapsack,4719,0.032793283,#N/A,#N/A,0.032793283,#N/A,#N/A
Dynamic,3187,0.002483845,#N/A,#N/A,#N/A,0.002483845,#N/A
Static,5635,0.001065016,#N/A,#N/A,#N/A,#N/A,0.001065016
Algorithm,1817,0.001000643,0.001000643,#N/A,#N/A,#N/A,#N/A
Knapsack,4707,0.001000881,#N/A,0.001000881,#N/A,#N/A,#N/A
Recursive Knapsack,4707,0.015688658,#N/A,#N/A,0.015688658,#N/A,#N/A
Dynamic,5133,0.002010345,#N/A,#N/A,#N/A,0.002010345,#N/A
Static,2425,0.001007318,#N/A,#N/A,#N/A,#N/A,0.001007318
Algorithm,1867,0.003000975,0.003000975,#N/A,#N/A,#N/A,#N/A
Knapsack,4969,0.001462221,#N/A,0.001462221,#N/A,#N/A,#N/A
Recursive Knapsack,4969,0.017583132,#N/A,#N/A,0.017583132,#N/A,#N/A
Dynamic,4654,0.001519442,#N/A,#N/A,#N/A,0.001519442,#N/A
Static,4817,0.000997543,#N/A,#N/A,#N/A,#N/A,0.000997543
Algorithm,969,0.00301218,0.00301218,#N/A,#N/A,#N/A,#N/A
Knapsack,4719,0.001090527,#N/A,0.001090527,#N/A,#N/A,#N/A
Recursive Knapsack,4719,0.040419579,#N/A,#N/A,0.040419579,#N/A,#N/A
Dynamic,3195,0.001999617,#N/A,#N/A,#N/A,0.001999617,#N/A
Static,6087,0.001000404,#N/A,#N/A,#N/A,#N/A,0.001000404
Algorithm,1866,0.001350403,0.001350403,#N/A,#N/A,#N/A,#N/A
Knapsack,4865,0.001018047,#N/A,0.001018047,#N/A,#N/A,#N/A
Recursive Knapsack,4865,0.028062344,#N/A,#N/A,0.028062344,#N/A,#N/A
Dynamic,4569,0.000999928,#N/A,#N/A,#N/A,0.000999928,#N/A
Static,2580,0.002005577,#N/A,#N/A,#N/A,#N/A,0.002005577
Algorithm,1547,0.001171112,0.001171112,#N/A,#N/A,#N/A,#N/A
Recursive Knapsack,4529,0.010839224,#N/A,#N/A,0.010839224,#N/A,#N/A
Dynamic,5063,0.002621412,#N/A,#N/A,#N/A,0.002621412,#N/A
Static,2755,0.002397299,#N/A,#N/A,#N/A,#N/A,0.002397299
Algorithm,1005,0.001443386,0.001443386,#N/A,#N/A,#N/A,#N/A
Recursive Knapsack,4349,0.035357237,#N/A,#N/A,0.035357237,#N/A,#N/A
Dynamic,3307,0.001999855,#N/A,#N/A,#N/A,0.001999855,#N/A
Static,5091,0.001003265,#N/A,#N/A,#N/A,#N/A,0.001003265
Algorithm,1317,0.002001047,0.002001047,#N/A,#N/A,#N/A,#N/A
Recursive Knapsack,4667,0.010435581,#N/A,#N/A,0.010435581,#N/A,#N/A
Dynamic,4239,0.001431942,#N/A,#N/A,#N/A,0.001431942,#N/A
Static,6286,0.001010656,#N/A,#N/A,#N/A,#N/A,0.001010656
Algorithm,1739,0.001022816,0.001022816,#N/A,#N/A,#N/A,#N/A
Knapsack,4516,0.001269817,#N/A,0.001269817,#N/A,#N/A,#N/A
Recursive Knapsack,4516,0.007591963,#N/A,#N/A,0.007591963,#N/A,#N/A
Dynamic,4979,0.001013756,#N/A,#N/A,#N/A,0.001013756,#N/A
Static,1926,0.002519131,#N/A,#N/A,#N/A,#N/A,0.002519131
Algorithm,1814,0.002000093,0.002000093,#N/A,#N/A,#N/A,#N/A
Knapsack,4918,0.001001835,#N/A,0.001001835,#N/A,#N/A,#N/A
Recursive Knapsack,4918,0.118976355,#N/A,#N/A,0.118976355,#N/A,#N/A
Dynamic,5059,0.002001524,#N/A,#N/A,#N/A,0.002001524,#N/A
Static,4726,0.002438068,#N/A,#N/A,#N/A,#N/A,0.002438068
Algorithm,1969,0.002000332,0.002000332,#N/A,#N/A,#N/A,#N/A
Knapsack,5082,0.001129866,#N/A,0.001129866,#N/A,#N/A,#N/A
Recursive Knapsack,5082,0.047534466,#N/A,#N/A,0.047534466,#N/A,#N/A
Dynamic,5073,0.00099659,#N/A,#N/A,#N/A,0.00099659,#N/A
Static,3100,0.001999617,#N/A,#N/A,#N/A,#N/A,0.001999617
Algorithm,1363,0.002176046,0.002176046,#N/A,#N/A,#N/A,#N/A
Knapsack,4751,0.001001596,#N/A,0.001001596,#N/A,#N/A,#N/A
Recursive Knapsack,4751,0.032928705,#N/A,#N/A,0.032928705,#N/A,#N/A
Dynamic,4417,0.001011133,#N/A,#N/A,#N/A,0.001011133,#N/A
Static,5170,0.002092123,#N/A,#N/A,#N/A,#N/A,0.002092123
Algorithm,1531,0.001289129,0.001289129,#N/A,#N/A,#N/A,#N/A
Knapsack,4613,0.001051188,#N/A,0.001051188,#N/A,#N/A,#N/A
Recursive Knapsack,4613,0.134608984,#N/A,#N/A,0.134608984,#N/A,#N/A
Dynamic,4624,0.001070738,#N/A,#N/A,#N/A,0.001070738,#N/A
Static,4545,0.001968384,#N/A,#N/A,#N/A,#N/A,0.001968384
Algorithm,1217,0.001001835,0.001001835,#N/A,#N/A,#N/A,#N/A
Recursive Knapsack,4642,0.024260998,#N/A,#N/A,0.024260998,#N/A,#N/A
Dynamic,3377,0.001987457,#N/A,#N/A,#N/A,0.001987457,#N/A
Static,6268,0.000999928,#N/A,#N/A,#N/A,#N/A,0.000999928
Algorithm,1026,0.001515865,0.001515865,#N/A,#N/A,#N/A,#N/A
Knapsack,4349,0.000997066,#N/A,0.000997066,#N/A,#N/A,#N/A
Recursive Knapsack,4349,0.19871974,#N/A,#N/A,0.19871974,#N/A,#N/A
Dynamic,3516,0.00341177,#N/A,#N/A,#N/A,0.00341177,#N/A
Static,6134,0.002982378,#N/A,#N/A,#N/A,#N/A,0.002982378
Algorithm,2050,0.002855301,0.002855301,#N/A,#N/A,#N/A,#N/A
Knapsack,5029,0.001270294,#N/A,0.001270294,#N/A,#N/A,#N/A
Recursive Knapsack,5029,0.009077311,#N/A,#N/A,0.009077311,#N/A,#N/A
Dynamic,5168,0.002501011,#N/A,#N/A,#N/A,0.002501011,#N/A
Static,4014,0.002147675,#N/A,#N/A,#N/A,#N/A,0.002147675
Algorithm,1223,0.001993895,0.001993895,#N/A,#N/A,#N/A,#N/A
Knapsack,4532,0.001017094,#N/A,0.001017094,#N/A,#N/A,#N/A
Recursive Knapsack,4532,0.010063648,#N/A,#N/A,0.010063648,#N/A,#N/A
Dynamic,3920,0.001004219,#N/A,#N/A,#N/A,0.001004219,#N/A
Static,5139,0.001494884,#N/A,#N/A,#N/A,#N/A,0.001494884
Algorithm,1476,0.001250267,0.001250267,#N/A,#N/A,#N/A,#N/A
Recursive Knapsack,4758,0.010924101,#N/A,#N/A,0.010924101,#N/A,#N/A
Dynamic,4424,0.00101757,#N/A,#N/A,#N/A,0.00101757,#N/A
Static,6092,0.001998425,#N/A,#N/A,#N/A,#N/A,0.001998425
Algorithm,1527,0.001009703,0.001009703,#N/A,#N/A,#N/A,#N/A
Knapsack,4799,0.002133608,#N/A,0.002133608,#N/A,#N/A,#N/A
Recursive Knapsack,4799,0.010817289,#N/A,#N/A,0.010817289,#N/A,#N/A
Dynamic,4641,0.002019644,#N/A,#N/A,#N/A,0.002019644,#N/A
Static,6175,0.001006126,#N/A,#N/A,#N/A,#N/A,0.001006126
Algorithm,1487,0.002063274,0.002063274,#N/A,#N/A,#N/A,#N/A
Knapsack,5051,0.00107789,#N/A,0.00107789,#N/A,#N/A,#N/A
Recursive Knapsack,5051,0.148164034,#N/A,#N/A,0.148164034,#N/A,#N/A
Dynamic,4467,0.001999617,#N/A,#N/A,#N/A,0.001999617,#N/A
Static,4830,0.00200057,#N/A,#N/A,#N/A,#N/A,0.00200057
Algorithm,1572,0.00298357,0.00298357,#N/A,#N/A,#N/A,#N/A
Knapsack,4908,0.001193047,#N/A,0.001193047,#N/A,#N/A,#N/A
Recursive Knapsack,4908,0.188785553,#N/A,#N/A,0.188785553,#N/A,#N/A
Dynamic,4563,0.002304554,#N/A,#N/A,#N/A,0.002304554,#N/A
Static,5122,0.002009392,#N/A,#N/A,#N/A,#N/A,0.002009392
Algorithm,1108,0.002988338,0.002988338,#N/A,#N/A,#N/A,#N/A
Knapsack,5020,0.001001358,#N/A,0.001001358,#N/A,#N/A,#N/A
Recursive Knapsack,5020,0.016689777,#N/A,#N/A,0.016689777,#N/A,#N/A
Dynamic,4239,0.002221823,#N/A,#N/A,#N/A,0.002221823,#N/A
Static,7109,0.001471758,#N/A,#N/A,#N/A,#N/A,0.001471758
Algorithm,1602,0.001405478,0.001405478,#N/A,#N/A,#N/A,#N/A
Recursive Knapsack,5346,0.289656878,#N/A,#N/A,0.289656878,#N/A,#N/A
Dynamic,4473,0.001999855,#N/A,#N/A,#N/A,0.001999855,#N/A
Static,6388,0.001000166,#N/A,#N/A,#N/A,#N/A,0.001000166
Algorithm,1602,0.0011296272277832031
Knapsack,5346,0.0
Recursive Knapsack,5346,0.18427586555480957
Dynamic,4473,0.0009982585906982422
Static,6388,0.0009999275207519531
Algorithm,1602,0.001007080078125
Knapsack,5346,0.001031637191772461
Recursive Knapsack,5346,0.17925167083740234
Dynamic,4473,0.0010051727294921875
Static,6388,0.0009999275207519531
Algorithm,1602,0.0009982585906982422
Knapsack,5346,0.0
Recursive Knapsack,5346,0.18154096603393555
Dynamic,4473,0.0
Static,6388,0.0015037059783935547
Algorithm,1602,0.0012269020080566406
Knapsack,5346,0.0
Recursive Knapsack,5346,0.17942142486572266
Dynamic,4473,0.0018622875213623047
Static,6388,0.0010225772857666016
Algorithm,1602,0.0020101070404052734
Knapsack,5346,0.0
Recursive Knapsack,5346,0.1792750358581543
Dynamic,4473,0.0020046234130859375
Static,6388,0.0010008811950683594
Algorithm,1602,0.0009884834289550781
Knapsack,5346,0.0
Recursive Knapsack,5346,0.18125462532043457
Dynamic,4473,0.0010013580322265625
Static,6388,0.00150299072265625
Algorithm,1602,0.0010514259338378906
Knapsack,5346,0.001001596450805664
Recursive Knapsack,5346,0.18299508094787598
Dynamic,4473,0.0010082721710205078
Static,6388,0.0009999275207519531
Algorithm,1602,0.0010080337524414062
Knapsack,5346,0.0
Recursive Knapsack,5346,0.1798233985900879
Dynamic,4473,0.0009996891021728516
Static,6388,0.0009999275207519531
Algorithm,1602,0.0011429786682128906
Knapsack,5346,0.001047372817993164
Recursive Knapsack,5346,0.1890552043914795
Dynamic,4473,0.002118349075317383
Static,6388,0.0010066032409667969
Algorithm,1602,0.0009980201721191406
Knapsack,5346,0.0009996891021728516
Recursive Knapsack,5346,0.1965188980102539
Dynamic,4473,0.0010044574737548828
Static,6388,0.0010001659393310547
Algorithm,1602,0.0012087821960449219
Knapsack,5346,0.0013778209686279297
Recursive Knapsack,5346,0.1804370880126953
Dynamic,4473,0.0012629032135009766
Static,6388,0.0
Algorithm,1602,0.0009980201721191406
Knapsack,5346,0.0010008811950683594
Recursive Knapsack,5346,0.18033528327941895
Dynamic,4473,0.0010225772857666016
Static,6388,0.0010068416595458984
Algorithm,1602,0.001007080078125
Knapsack,5346,0.0
Recursive Knapsack,5346,0.2416400909423828
Dynamic,4473,0.0011696815490722656
Static,6388,0.001005411148071289
Algorithm,1602,0.0009996891021728516
Knapsack,5346,0.0010001659393310547
Recursive Knapsack,5346,0.18812870979309082
Dynamic,4473,0.0010020732879638672
Static,6388,0.0
Algorithm,1602,0.0010218620300292969
Knapsack,5346,0.0010061264038085938
Recursive Knapsack,5346,0.18147015571594238
Dynamic,4473,0.0010006427764892578
Static,6388,0.000997781753540039
Algorithm,1602,0.0
Knapsack,5346,0.0011448860168457031
Recursive Knapsack,5346,0.17815542221069336
Dynamic,4473,0.001004934310913086
Static,6388,0.0012617111206054688
Algorithm,1602,0.0010786056518554688
Knapsack,5346,0.0
Recursive Knapsack,5346,0.186387300491333
Dynamic,4473,0.0015435218811035156
Static,6388,0.0010042190551757812
Algorithm,1602,0.0015270709991455078
Knapsack,5346,0.0
Recursive Knapsack,5346,0.18821930885314941
Dynamic,4473,0.0005030632019042969
Static,6388,0.0010042190551757812
Algorithm,1602,0.0010006427764892578
Knapsack,5346,0.0
Recursive Knapsack,5346,0.18172001838684082
Dynamic,4473,0.0009999275207519531
Static,6388,0.0010979175567626953
Algorithm,1602,0.0010004043579101562
Knapsack,5346,0.0010132789611816406
Recursive Knapsack,5346,0.24400115013122559
Dynamic,4473,0.0009851455688476562
Static,6388,0.001001596450805664
Algorithm,1602,0.002026081085205078
Knapsack,5346,0.0
Recursive Knapsack,5346,0.30118870735168457
Dynamic,4473,0.0015676021575927734
Static,6388,0.0020301342010498047
Algorithm,1602,0.0020012855529785156
Knapsack,5346,0.00101470947265625
Recursive Knapsack,5346,0.317899227142334
Dynamic,4473,0.0016057491302490234
Static,6388,0.002029895782470703
Algorithm,1602,0.002997875213623047
Knapsack,5346,0.0009987354278564453
Recursive Knapsack,5346,0.3368873596191406
Dynamic,4473,0.0009822845458984375
Static,6388,0.0024962425231933594
Algorithm,1602,0.003042459487915039
Knapsack,5346,0.0
Recursive Knapsack,5346,0.3208637237548828
Dynamic,4473,0.0018846988677978516
Static,6388,0.0010499954223632812
Algorithm,1602,0.0020020008087158203
Knapsack,5346,0.0009963512420654297
Recursive Knapsack,5346,0.32338738441467285
Dynamic,4473,0.0019524097442626953
Static,6388,0.002031087875366211
Algorithm,1602,0.0021305084228515625
Knapsack,5346,0.0010135173797607422
Recursive Knapsack,5346,0.3611257076263428
Dynamic,4473,0.003040313720703125
Static,6388,0.0030312538146972656
Algorithm,1602,0.0011625289916992188
Knapsack,5346,0.0012049674987792969
Recursive Knapsack,5346,0.32021665573120117
Dynamic,4473,0.0009837150573730469
Static,6388,0.001997232437133789
Algorithm,1602,0.002004861831665039
Knapsack,5346,0.0
Recursive Knapsack,5346,0.29443955421447754
Dynamic,4473,0.0019876956939697266
Static,6388,0.001995563507080078
Algorithm,1602,0.0012607574462890625
Knapsack,5346,0.001325845718383789
Recursive Knapsack,5346,0.3032877445220947
Dynamic,4473,0.0011835098266601562
Static,6388,0.002228975296020508
Algorithm,1602,0.0024220943450927734
Knapsack,5346,0.0
Recursive Knapsack,5346,0.3454768657684326
Dynamic,4473,0.002033233642578125
Static,6388,0.0015096664428710938
Algorithm,1602,0.0018639564514160156
Knapsack,5346,0.0015103816986083984
Recursive Knapsack,5346,0.366741418838501
Dynamic,4473,0.002020120620727539
Static,6388,0.00249481201171875
Algorithm,1602,0.002337932586669922
Knapsack,5346,0.0
Recursive Knapsack,5346,0.31081581115722656
Dynamic,4473,0.0030858516693115234
Static,6388,0.0010082721710205078
Algorithm,1602,0.0019152164459228516
Knapsack,5346,0.0
Recursive Knapsack,5346,0.3137509822845459
Dynamic,4473,0.0020601749420166016
Static,6388,0.0010561943054199219
Algorithm,1602,0.0013608932495117188
Knapsack,5346,0.0010104179382324219
Recursive Knapsack,5346,0.35314416885375977
Dynamic,4473,0.0009982585906982422
Static,6388,0.0020008087158203125
Algorithm,1602,0.0020813941955566406
Knapsack,5346,0.0005095005035400391
Recursive Knapsack,5346,0.31099629402160645
Dynamic,4473,0.0019855499267578125
Static,6388,0.0017011165618896484
Algorithm,1602,0.002998828887939453
Knapsack,5346,0.001997709274291992
Recursive Knapsack,5346,0.31514453887939453
Dynamic,4473,0.001980304718017578
Static,6388,0.0010042190551757812
Algorithm,1602,0.003016233444213867
Knapsack,5346,0.0011603832244873047
Recursive Knapsack,5346,0.31212496757507324
Dynamic,4473,0.0020003318786621094
Static,6388,0.0019996166229248047
Algorithm,1602,0.0010111331939697266
Knapsack,5346,0.001001596450805664
Recursive Knapsack,5346,0.3052353858947754
Dynamic,4473,0.0010099411010742188
Static,6388,0.002019643783569336
Algorithm,1602,0.002396821975708008
Knapsack,5346,0.000997304916381836
Recursive Knapsack,5346,0.3040776252746582
Dynamic,4473,0.0020313262939453125
Static,6388,0.0009849071502685547
Algorithm,1602,0.0013251304626464844
Knapsack,5346,0.0015091896057128906
Recursive Knapsack,5346,0.32211804389953613
Dynamic,4473,0.0020029544830322266
Static,6388,0.0009832382202148438
Algorithm,1602,0.00101470947265625
Knapsack,5346,0.0008285045623779297
Recursive Knapsack,5346,0.32036709785461426
Dynamic,4473,0.002053499221801758
Static,6388,0.0015544891357421875
Algorithm,1602,0.0019998550415039062
Knapsack,5346,0.0
Recursive Knapsack,5346,0.32202577590942383
Dynamic,4473,0.001558065414428711
Static,6388,0.001981496810913086
Algorithm,1602,0.0009970664978027344
Knapsack,5346,0.0015003681182861328
Recursive Knapsack,5346,0.3072700500488281
Dynamic,4473,0.0009999275207519531
Static,6388,0.00263214111328125
Algorithm,1602,0.0011773109436035156
Knapsack,5346,0.0011591911315917969
Recursive Knapsack,5346,0.31070590019226074
Dynamic,4473,0.001149892807006836
Static,6388,0.002055644989013672
Algorithm,1602,0.0010161399841308594
Knapsack,5346,0.0012636184692382812
Recursive Knapsack,5346,0.3078911304473877
Dynamic,4473,0.0020287036895751953
Static,6388,0.001982450485229492
Algorithm,1602,0.0010890960693359375
Knapsack,5346,0.0010597705841064453
Recursive Knapsack,5346,0.3101463317871094
Dynamic,4473,0.0010001659393310547
Static,6388,0.0019826889038085938
Algorithm,1602,0.001363992691040039
Knapsack,5346,0.001065969467163086
Recursive Knapsack,5346,0.3661797046661377
Dynamic,4473,0.0009799003601074219
Static,6388,0.002997875213623047
Algorithm,1602,0.0024204254150390625
Knapsack,5346,0.0
Recursive Knapsack,5346,0.30601930618286133
Dynamic,4473,0.0020143985748291016
Static,6388,0.0011546611785888672
Algorithm,2716.0,0.0009965896606445312
Knapsack,2453.0,0.0020036697387695312
Recursive Knapsack,inf,0.0020003318786621094
Dynamic,3117.0,0.0
Static,681.0,0.0009963512420654297
Algorithm,3389.0,0.0009980201721191406
Knapsack,2343.0,0.0012123584747314453
Recursive Knapsack,inf,0.0
Dynamic,1594.0,0.0
Static,1172.0,0.0015995502471923828
Algorithm,2967.0,0.0009996891021728516
Knapsack,2539.0,0.0009996891021728516
Recursive Knapsack,inf,0.008002281188964844
Dynamic,3435.0,0.0010120868682861328
Static,1039.0,0.001003265380859375
Algorithm,3003.0,0.0020020008087158203
Knapsack,2643.0,0.0
Recursive Knapsack,inf,0.002017974853515625
Dynamic,4871.0,0.0
Static,382.0,0.0013782978057861328
Algorithm,3385.0,0.002000093460083008
Knapsack,2667.0,0.0010013580322265625
Recursive Knapsack,inf,0.0009987354278564453
Dynamic,4749.0,0.0
Static,377.0,0.0010013580322265625
Algorithm,2484.0,0.001999378204345703
Knapsack,2166.0,0.0023763179779052734
Recursive Knapsack,inf,0.0042836666107177734
Dynamic,2048.0,0.0010170936584472656
Static,937.0,0.0023221969604492188
Algorithm,2673.0,0.0011420249938964844
Knapsack,2488.0,0.0010218620300292969
Recursive Knapsack,inf,0.008440971374511719
Dynamic,3681.0,0.001001596450805664
Static,539.0,0.002476930618286133
Algorithm,3260.0,0.0010132789611816406
Knapsack,2705.0,0.0010907649993896484
Recursive Knapsack,inf,0.0
Dynamic,2280.0,0.0012371540069580078
Static,1399.0,0.0010669231414794922
Algorithm,2999.0,0.0009963512420654297
Knapsack,2462.0,0.0010008811950683594
Recursive Knapsack,inf,0.004003047943115234
Dynamic,3559.0,0.0009980201721191406
Static,777.0,0.001013040542602539
Algorithm,3595.0,0.0014538764953613281
Knapsack,2786.0,0.0010519027709960938
Recursive Knapsack,inf,0.010440587997436523
Dynamic,4015.0,0.0011374950408935547
Static,910.0,0.0
Algorithm,3549.0,0.001270294189453125
Knapsack,2335.0,0.0011601448059082031
Recursive Knapsack,inf,0.0010159015655517578
Dynamic,2297.0,0.0010142326354980469
Static,316.0,0.001990079879760742
Algorithm,3488.0,0.0020418167114257812
Knapsack,2620.0,0.0
Recursive Knapsack,inf,0.0020911693572998047
Dynamic,3457.0,0.0010190010070800781
Static,2406.0,0.001538991928100586
Algorithm,3541.0,0.0010273456573486328
Knapsack,2536.0,0.0
Recursive Knapsack,inf,0.0010175704956054688
Dynamic,2909.0,0.0013575553894042969
Static,769.0,0.00101470947265625
Algorithm,2897.0,0.0011038780212402344
Knapsack,2407.0,0.0010182857513427734
Recursive Knapsack,inf,0.010532379150390625
Dynamic,2415.0,0.0010042190551757812
Static,1220.0,0.0013337135314941406
Algorithm,2066.0,0.0010254383087158203
Knapsack,2124.0,0.0011074542999267578
Recursive Knapsack,inf,0.005958080291748047
Dynamic,4258.0,0.0013654232025146484
Static,448.0,0.0
Algorithm,2995.0,0.0010380744934082031
Knapsack,2468.0,0.0010166168212890625
Recursive Knapsack,inf,0.003523588180541992
Dynamic,3295.0,0.002017498016357422
Static,766.0,0.0010199546813964844
Algorithm,2688.0,0.0010228157043457031
Knapsack,2196.0,0.0009958744049072266
Recursive Knapsack,inf,0.008997440338134766
Dynamic,2298.0,0.001003265380859375
Static,791.0,0.0009984970092773438
Algorithm,3753.0,0.0010006427764892578
Knapsack,2410.0,0.0
Recursive Knapsack,inf,0.001226663589477539
Dynamic,2017.0,0.0
Static,260.0,0.0010066032409667969
Algorithm,2783.0,0.0009968280792236328
Knapsack,2515.0,0.0009999275207519531
Recursive Knapsack,inf,0.0030639171600341797
Dynamic,4236.0,0.0010077953338623047
Static,573.0,0.0
Algorithm,2553.0,0.0012421607971191406
Knapsack,2285.0,0.0
Recursive Knapsack,inf,0.0046007633209228516
Dynamic,4058.0,0.001001596450805664
Static,589.0,0.0
Algorithm,2905.0,0.0010023117065429688
Knapsack,2286.0,0.0009980201721191406
Recursive Knapsack,inf,0.0
Dynamic,1789.0,0.0
Static,1401.0,0.00099945068359375
Algorithm,3059.0,0.001001119613647461
Knapsack,2439.0,0.0
Recursive Knapsack,inf,0.019083738327026367
Dynamic,3841.0,0.0
Static,259.0,0.0011911392211914062
Algorithm,2843.0,0.0
Knapsack,2391.0,0.0010061264038085938
Recursive Knapsack,inf,0.00099945068359375
Dynamic,3627.0,0.0
Static,553.0,0.0010006427764892578
Algorithm,2896.0,0.0009984970092773438
Knapsack,2493.0,0.0
Recursive Knapsack,inf,0.0019996166229248047
Dynamic,3643.0,0.0
Static,995.0,0.0010020732879638672
Algorithm,2905.0,0.0
Knapsack,2143.0,0.0011265277862548828
Recursive Knapsack,inf,0.0005040168762207031
Dynamic,2436.0,0.0
Static,624.0,0.0
Algorithm,3289.0,0.0010044574737548828
Knapsack,2234.0,0.0
Recursive Knapsack,inf,0.0010001659393310547
Dynamic,2276.0,0.0
Static,540.0,0.0
Algorithm,3709.0,0.0013835430145263672
Knapsack,2582.0,0.0
Recursive Knapsack,inf,0.0010075569152832031
Dynamic,3446.0,0.0
Static,374.0,0.0
Algorithm,3002.0,0.0009961128234863281
Knapsack,2343.0,0.0
Recursive Knapsack,inf,0.001085519790649414
Dynamic,3147.0,0.0
Static,1137.0,0.0010066032409667969
Algorithm,2987.0,0.0
Knapsack,2276.0,0.00139617919921875
Recursive Knapsack,inf,0.0
Dynamic,2161.0,0.0
Static,1002.0,0.0
Algorithm,3143.0,0.0010037422180175781
Knapsack,2166.0,0.0
Recursive Knapsack,inf,0.0015304088592529297
Dynamic,2426.0,0.0010123252868652344
Static,774.0,0.0
Algorithm,2140.0,0.0
Knapsack,2349.0,0.0010056495666503906
Recursive Knapsack,inf,0.0005047321319580078
Dynamic,3732.0,0.0010066032409667969
Static,1269.0,0.0
Algorithm,2090.0,0.0009984970092773438
Knapsack,2324.0,0.0
Recursive Knapsack,inf,0.001997232437133789
Dynamic,4284.0,0.0
Static,1748.0,0.001003265380859375
Algorithm,3908.0,0.0
Knapsack,2682.0,0.0
Recursive Knapsack,inf,0.0011305809020996094
Dynamic,3120.0,0.0
Static,96.0,0.0014472007751464844
Algorithm,4390.0,0.0009980201721191406
Knapsack,2777.0,0.0
Recursive Knapsack,inf,0.0009963512420654297
Dynamic,2537.0,0.0
Static,771.0,0.0
Algorithm,3299.0,0.0
Knapsack,2407.0,0.0012810230255126953
Recursive Knapsack,inf,0.0005064010620117188
Dynamic,3742.0,0.0
Static,498.0,0.0
Algorithm,3968.0,0.0
Knapsack,2564.0,0.0
Recursive Knapsack,inf,0.009410858154296875
Dynamic,2963.0,0.0010004043579101562
Static,1524.0,0.0
Algorithm,3825.0,0.0009999275207519531
Knapsack,2610.0,0.0
Recursive Knapsack,inf,0.0010001659393310547
Dynamic,2531.0,0.0
Static,602.0,0.0
Algorithm,2710.0,0.0010013580322265625
Knapsack,2399.0,0.0
Recursive Knapsack,inf,0.0009982585906982422
Dynamic,3249.0,0.0009989738464355469
Static,1786.0,0.0
Algorithm,2850.0,0.0009980201721191406
Knapsack,2540.0,0.0
Recursive Knapsack,inf,0.015450000762939453
Dynamic,2932.0,0.0
Static,1783.0,0.0009996891021728516
Algorithm,3910.0,0.0
Knapsack,2636.0,0.001155853271484375
Recursive Knapsack,inf,0.0
Dynamic,1985.0,0.0
Static,1342.0,0.0010056495666503906
Algorithm,3053.0,0.0010025501251220703
Knapsack,2419.0,0.0009982585906982422
Recursive Knapsack,inf,0.0
Dynamic,3024.0,0.0
Static,1237.0,0.0009980201721191406
Algorithm,3862.0,0.0014100074768066406
Knapsack,2697.0,0.0010089874267578125
Recursive Knapsack,inf,0.0
Dynamic,1497.0,0.0
Static,1391.0,0.0010020732879638672
Algorithm,3439.0,0.0
Knapsack,2679.0,0.0012519359588623047
Recursive Knapsack,inf,0.00534820556640625
Dynamic,3861.0,0.0009965896606445312
Static,0.0,0.0
Algorithm,2518.0,0.001142740249633789
Knapsack,2160.0,0.0
Recursive Knapsack,inf,0.0
Dynamic,2694.0,0.001016855239868164
Static,830.0,0.0
Algorithm,3183.0,0.0
Knapsack,2474.0,0.001262664794921875
Recursive Knapsack,inf,0.0010068416595458984
Dynamic,3658.0,0.0
Static,1014.0,0.0010249614715576172
Algorithm,3932.0,0.001363992691040039
Knapsack,2751.0,0.0
Recursive Knapsack,inf,0.0
Dynamic,2584.0,0.001005411148071289
Static,705.0,0.0
Algorithm,2583.0,0.001087188720703125
Knapsack,2491.0,0.0
Recursive Knapsack,inf,0.002003908157348633
Dynamic,3776.0,0.0
Static,1058.0,0.0010004043579101562
Algorithm,2869.0,0.0
Knapsack,2424.0,0.0
Recursive Knapsack,inf,0.0010023117065429688
Dynamic,3117.0,0.0
Static,1271.0,0.0009965896606445312
Algorithm,1867.0,0.0
Knapsack,2153.0,0.0010259151458740234
Recursive Knapsack,inf,0.009039878845214844
Dynamic,5099.0,0.0
Static,346.0,0.0013704299926757812
Algorithm,3795.0,0.0
Knapsack,2574.0,0.0015418529510498047
Recursive Knapsack,inf,0.0
Dynamic,2519.0,0.0
Static,1187.0,0.0010104179382324219
Algorithm,2832.0,0.0010001659393310547
Knapsack,2322.0,0.0
Recursive Knapsack,inf,0.0
Dynamic,2638.0,0.0009992122650146484
Static,1407.0,0.0
Algorithm,3411.0,0.0010056495666503906
Knapsack,2537.0,0.0
Recursive Knapsack,inf,0.0011048316955566406
Dynamic,3634.0,0.0
Static,1606.0,0.0
Algorithm,2969.0,0.0
Knapsack,2518.0,0.0010597705841064453
Recursive Knapsack,inf,0.008702278137207031
Dynamic,4353.0,0.0014052391052246094
Static,425.0,0.0
Algorithm,3342.0,0.0
Knapsack,2550.0,0.0
Recursive Knapsack,inf,0.0012540817260742188
Dynamic,2926.0,0.001117706298828125
Static,925.0,0.0
Algorithm,2520.0,0.0
Knapsack,2094.0,0.0010073184967041016
Recursive Knapsack,inf,0.0
Dynamic,2238.0,0.0010008811950683594
Static,1135.0,0.0
Algorithm,2119.0,0.0010194778442382812
Knapsack,2175.0,0.0
Recursive Knapsack,inf,0.002071857452392578
Dynamic,4977.0,0.0
Static,620.0,0.001001119613647461
Algorithm,3063.0,0.0010030269622802734
Knapsack,2349.0,0.0009949207305908203
Recursive Knapsack,inf,0.0009996891021728516
Dynamic,2900.0,0.0
Static,1052.0,0.0010001659393310547
Algorithm,2613.0,0.0020024776458740234
Knapsack,2413.0,0.0
Recursive Knapsack,inf,0.0016319751739501953
Dynamic,3826.0,0.0
Static,687.0,0.0010046958923339844
Algorithm,3229.0,0.0
Knapsack,2437.0,0.0
Recursive Knapsack,inf,0.0014057159423828125
Dynamic,3145.0,0.0
Static,867.0,0.0010075569152832031
Algorithm,3577.0,0.0
Knapsack,2354.0,0.001068115234375
Recursive Knapsack,inf,0.0
Dynamic,2509.0,0.0
Static,1186.0,0.0
Algorithm,2805.0,0.0
Knapsack,2616.0,0.0014586448669433594
Recursive Knapsack,inf,0.0010075569152832031
Dynamic,4609.0,0.0010001659393310547
Static,2175.0,0.0
Algorithm,2873.0,0.0
Knapsack,2438.0,0.001195669174194336
Recursive Knapsack,inf,0.009401798248291016
Dynamic,4934.0,0.0
Static,675.0,0.0009984970092773438
Algorithm,3169.0,0.0
Knapsack,2654.0,0.0014731884002685547
Recursive Knapsack,inf,0.009008407592773438
Dynamic,5546.0,0.000997781753540039
Static,114.0,0.0
Algorithm,3169.0,0.0009984970092773438
Knapsack,2222.0,0.0010194778442382812
Recursive Knapsack,inf,0.0010063648223876953
Dynamic,2711.0,0.0
Static,7.0,0.0
Algorithm,2522.0,0.0010056495666503906
Knapsack,2263.0,0.0
Recursive Knapsack,inf,0.001455068588256836
Dynamic,4515.0,0.0
Static,195.0,0.0
Algorithm,2039.0,0.0009968280792236328
Knapsack,2201.0,0.0
Recursive Knapsack,inf,0.003999233245849609
Dynamic,4997.0,0.0
Static,577.0,0.0
Algorithm,3017.0,0.001314401626586914
Knapsack,2066.0,0.0
Recursive Knapsack,inf,0.001005411148071289
Dynamic,2505.0,0.0
Static,459.0,0.0
Algorithm,3403.0,0.0
Knapsack,2482.0,0.0010633468627929688
Recursive Knapsack,inf,0.0
Dynamic,3295.0,0.001005411148071289
Static,543.0,0.0
Algorithm,3658.0,0.0011928081512451172
Knapsack,2342.0,0.0
Recursive Knapsack,inf,0.0
Dynamic,1551.0,0.0
Static,1192.0,0.0010058879852294922
Algorithm,2838.0,0.0
Knapsack,2156.0,0.0
Recursive Knapsack,inf,0.0010001659393310547
Dynamic,2690.0,0.0
Static,664.0,0.0010006427764892578
Algorithm,3437.0,0.001008749008178711
Knapsack,2679.0,0.0
Recursive Knapsack,inf,0.0014505386352539062
Dynamic,3618.0,0.0005056858062744141
Static,870.0,0.0
Algorithm,3005.0,0.0010020732879638672
Knapsack,2323.0,0.0
Recursive Knapsack,inf,0.0010666847229003906
Dynamic,3411.0,0.0
Static,889.0,0.0010068416595458984
Algorithm,2654.0,0.001055002212524414
Knapsack,2378.0,0.0
Recursive Knapsack,inf,0.0012865066528320312
Dynamic,4270.0,0.0010068416595458984
Static,820.0,0.0
Algorithm,3545.0,0.0
Knapsack,2499.0,0.001001596450805664
Recursive Knapsack,inf,0.0
Dynamic,1712.0,0.0
Static,1000.0,0.0010006427764892578
Algorithm,2431.0,0.0
Knapsack,2169.0,0.001026153564453125
Recursive Knapsack,inf,0.000507354736328125
Dynamic,3805.0,0.0
Static,931.0,0.0010066032409667969
Algorithm,2587.0,0.0
Knapsack,2117.0,0.001257181167602539
Recursive Knapsack,inf,0.0
Dynamic,2024.0,0.0010213851928710938
Static,1511.0,0.0
Algorithm,3271.0,0.0009965896606445312
Knapsack,2485.0,0.0013418197631835938
Recursive Knapsack,inf,0.008006811141967773
Dynamic,2768.0,0.0
Static,1162.0,0.0
Algorithm,3021.0,0.0014338493347167969
Knapsack,2574.0,0.001458883285522461
Recursive Knapsack,inf,0.0010046958923339844
Dynamic,3993.0,0.0010440349578857422
Static,1227.0,0.0
Algorithm,3031.0,0.0009953975677490234
Knapsack,2549.0,0.0
Recursive Knapsack,inf,0.0009989738464355469
Dynamic,4076.0,0.0
Static,1083.0,0.0
Algorithm,2671.0,0.0010058879852294922
Knapsack,2245.0,0.0
Recursive Knapsack,inf,0.0
Dynamic,1776.0,0.0010035037994384766
Static,1155.0,0.0
Algorithm,2852.0,0.0
Knapsack,2202.0,0.0010056495666503906
Recursive Knapsack,inf,0.00099945068359375
Dynamic,2524.0,0.0
Static,700.0,0.0
Algorithm,3588.0,0.0
Knapsack,1976.0,0.0
Recursive Knapsack,inf,0.0
Dynamic,1065.0,0.0013997554779052734
Static,866.0,0.0005049705505371094
Algorithm,2773.0,0.0
Knapsack,2234.0,0.000997304916381836
Recursive Knapsack,inf,0.0
Dynamic,2776.0,0.0
Static,1026.0,0.0009999275207519531
Algorithm,2015.0,0.0010013580322265625
Knapsack,2309.0,0.0
Recursive Knapsack,inf,0.0010001659393310547
Dynamic,4931.0,0.0009984970092773438
Static,1338.0,0.0
Algorithm,3416.0,0.001196146011352539
Knapsack,2481.0,0.0
Recursive Knapsack,inf,0.0012078285217285156
Dynamic,3480.0,0.0
Static,842.0,0.0
Algorithm,4382.0,0.0
Knapsack,2879.0,0.0012164115905761719
Recursive Knapsack,inf,0.015123128890991211
Dynamic,3444.0,0.0
Static,473.0,0.0010869503021240234
Algorithm,2599.0,0.0010104179382324219
Knapsack,2111.0,0.0
Recursive Knapsack,inf,0.0011365413665771484
Dynamic,2816.0,0.0010051727294921875
Static,559.0,0.0
Algorithm,3476.0,0.001405954360961914
Knapsack,2361.0,0.0
Recursive Knapsack,inf,0.0
Dynamic,1893.0,0.0010328292846679688
Static,1324.0,0.0
